"sensor0","sensor1","sensor2","sensor3","sensor4","sensor5","sensor6","sensor7","sensor8","sensor9"
"0.834250983","0.726081399","0.535903685","0.214895844","0.8737882910","0.7676045224","0.1113084393","0.557526496","0.599649662","0.665568793"
"0.804059174","0.253135155","0.869867307","0.334285064","0.6040745922","0.4940453024","0.8335751895","0.194189829","0.014966172","0.802917811"
"0.694404275","0.595776571","0.581294274","0.799003410","0.7628567272","0.6513928475","0.0759053396","0.007186300","0.659633027","0.831008772"
"0.783689531","0.038779628","0.285043291","0.627305394","0.8006198413","0.4863401858","0.8277231363","0.339807120","0.731343483","0.892358695"
"0.788835332","0.174433349","0.348770331","0.938244327","0.6920645236","0.3776197172","0.1837596119","0.616804669","0.492899051","0.930968997"
"0.240629929","0.142477751","0.091416078","0.117597865","0.8121132013","0.9437023427","0.1046426458","0.849266614","0.871183789","0.012565907"
"0.405644622","0.727387990","0.663814034","0.693274790","0.9447091549","0.9738896511","0.7544280586","0.297616033","0.908338958","0.234749101"
"0.714746824","0.656209866","0.588289712","0.134370450","0.8617615952","0.9436160382","0.2267138764","0.546324139","0.688982545","0.883037768"
"0.535341649","0.273590768","0.621032765","0.780336410","0.9660423593","0.4639649680","0.9403887504","0.867454933","0.990740540","0.028283452"
"0.548196739","0.337426247","0.265823999","0.249460524","0.7038081931","0.9586147014","0.7674937704","0.205817832","0.760199257","0.932065759"
"0.520301139","0.255860668","0.734893406","0.491712952","0.0058956831","0.2161225149","0.9516112634","0.368184674","0.571823857","0.098191683"
"0.751634685","0.208447856","0.392031028","0.151582114","0.7628567272","0.3660291422","0.9682082579","0.339807120","0.528914041","0.057516186"
"0.856897479","0.621303197","0.317500228","0.607693646","0.4369186598","0.9082263061","0.8189234326","0.862558286","0.910885697","0.991938339"
"0.783689531","0.116447080","0.284174192","0.859827649","0.6026013196","0.3468903996","0.8489032534","0.856025171","0.968292589","0.852724526"
"0.855352651","0.260777035","0.691850671","0.837870260","0.4584870367","0.9750855405","0.2014302151","0.673111147","0.546983650","0.215899743"
"0.821714562","0.670686559","0.440101553","0.036172368","0.2370934672","0.6690083555","0.9576286784","0.995481571","0.930807210","0.898340456"
"0.181726764","0.635666169","0.557869741","0.581679546","0.9367318401","0.3092884034","0.1825945893","0.379257681","0.893349178","0.123943602"
"0.254952542","0.765741932","0.492250217","0.660504233","0.8311617336","0.7694107342","0.0083006807","0.909086142","0.366332504","0.606959509"
"0.522804822","0.719926694","0.598336443","0.504332617","0.5884363496","0.0135705501","0.0227817188","0.341586197","0.731343483","0.129844859"
"0.230984028","0.610099800","0.461253477","0.732465692","0.5966712120","0.7307437671","0.2173795685","0.789460130","0.893349178","0.876577096"
"0.770700815","0.235316229","0.609214951","0.473039842","0.6193123179","0.9103437547","0.8036637640","0.411764291","0.669261468","0.958284830"
"0.546193850","0.749156437","0.572073876","0.495999847","0.9303218773","0.8031690174","0.9483099496","0.085674606","0.166986092","0.562633324"
"0.626736931","0.678661753","0.322950913","0.471931675","0.5755765693","0.5397891761","0.8694100608","0.688342274","0.996097729","0.461261327"
"0.305804261","0.723343639","0.455628227","0.962060280","0.9448308987","0.9786782758","0.1289634936","0.998230204","0.104838547","0.578389060"
"0.017609762","0.647878228","0.458062353","0.674381926","0.0022463014","0.8491240132","0.1284121575","0.436636070","0.666270273","0.564951940"
"0.818655462","0.607226417","0.677599790","0.768974563","0.9436695925","0.9689529321","0.1260050040","0.799384155","0.921840427","0.626263048"
"0.874228245","0.548748160","0.587955518","0.191372862","0.9074463731","0.3312338981","0.0463507174","0.799646445","0.925344341","0.836474314"
"0.555896340","0.723343639","0.635266376","0.891900456","0.8136175101","0.1826181491","0.8930253193","0.025390497","0.953812467","0.765076793"
"0.627978032","0.620263663","0.581294274","0.580895479","0.5605253949","0.3806434952","0.8445109558","0.975558051","0.472101854","0.813555500"
"0.624394864","0.568014134","0.360392497","0.115973376","0.7014925741","0.5461648628","0.2244828128","0.748699872","0.725428190","0.006371644"
"0.937026583","0.715476828","0.423824603","0.930987610","0.5160923114","0.3397117868","0.7777917338","0.122558449","0.868217864","0.215899743"
"0.600202120","0.579435319","0.188943659","0.723705379","0.8876708554","0.8031690174","0.9762491835","0.378224196","0.731936408","0.534018917"
"0.344972582","0.016815924","0.477676434","0.469172927","0.2995593689","0.2857880645","0.8853843014","0.332127031","0.710151167","0.175552831"
"0.813944129","0.598983960","0.371442078","0.666183536","0.4984200148","0.2872485750","0.8448376334","0.811782989","0.702825522","0.165150224"
"0.872835134","0.576794602","0.318401517","0.700853241","0.6780733984","0.4092185316","0.7933790848","0.931101303","0.153946972","0.847780788"
"0.725597083","0.674893550","0.720488248","0.518781281","0.9485839045","0.8676357966","0.1508916458","0.281391625","0.544006946","0.967246565"
"0.661973480","0.670686559","0.685286824","0.800514023","0.6398726511","0.3252504314","0.0074384100","0.358175120","0.802436034","0.792825924"
"0.793196226","0.573493164","0.265508229","0.519005331","0.5696764101","0.9651370730","0.0985173299","0.500517499","0.743151779","0.291298849"
"0.990002203","0.383823045","0.605673927","0.822377062","0.1821086910","0.9973672189","0.1086896949","0.897977831","0.542490409","0.831008772"
"0.661695254","0.975995206","0.163631676","0.510885987","0.5508579223","0.4940453024","0.9556193934","0.983455308","0.968520156","0.901877696"
"0.899452172","0.668232689","0.368334530","0.725299200","0.3309226623","0.4997330050","0.9791917339","0.881507114","0.503338881","0.564014725"
"0.445414219","0.081181742","0.453087662","0.733476634","0.4639058711","0.4482153421","0.9423554697","0.579126997","0.165816938","0.930130700"
"0.542997375","0.079431947","0.334957367","0.510065508","0.9729249900","0.9026989364","0.9415354877","0.463331838","0.705379817","0.606679072"
"0.700802152","0.748952063","0.519760663","0.639158130","0.8299555490","0.3501339640","0.0971779625","0.085674606","0.381922024","0.768931853"
"0.993453828","0.747968709","0.421627660","0.283047611","0.5690216217","0.3890124218","0.8360077073","0.863795678","0.665106208","0.728246703"
"0.872835134","0.256980268","0.641581093","0.017226942","0.6387333098","0.9002528880","0.2007081480","0.793649854","0.821616318","0.118883791"
"0.549316986","0.575941124","0.741356224","0.173792220","0.7502276484","0.8456507750","0.9504668298","0.758013407","0.740158757","0.270299393"
"0.924049589","0.180193389","0.277311921","0.753494301","0.5866625150","0.2158841015","0.9318843503","0.465424861","0.343767616","0.165150224"
"0.133293055","0.070786231","0.495434741","0.510885987","0.5690216217","0.9786782758","0.8274392957","0.382395130","0.621075111","0.825980183"
"0.391016251","0.243859981","0.531675690","0.986414420","0.6486253878","0.7583965071","0.8201195471","0.622218253","0.959600923","0.743652435"
"0.865991368","0.652622347","0.252720345","0.787836833","0.9448308987","0.3469857644","0.2053435236","0.072212788","0.940072122","0.615588381"
"0.857133173","0.145366793","0.592200510","0.723705379","0.6192699689","0.3073521648","0.8137131407","0.620931517","0.859715803","0.800299120"
"0.766150894","0.218281628","0.253480207","0.733476634","0.7454818174","0.5212744306","0.2404640436","0.161164069","0.933183154","0.007976421"
"0.366138663","0.639408389","0.401896477","0.292032054","0.8128764169","0.9296206213","0.9791917339","0.832824990","0.378140630","0.898300826"
"0.705074265","0.755711710","0.273387488","0.522763653","0.7669370300","0.9895884952","0.9354541735","0.832824990","0.893856184","0.825980183"
"0.812637684","0.597211497","0.604168426","0.928435213","0.6521774583","0.2007644373","0.1182897947","0.440079639","0.901962883","0.394881964"
"0.990002203","0.536729316","0.745807692","0.674381926","0.6079896463","0.9952008855","0.2079254580","0.770240878","0.529635712","0.008038560"
"0.457280458","0.178628946","0.290666498","0.212369337","0.8616983538","0.2682041846","0.1939888957","0.353739661","0.833295722","0.222861486"
"0.741395187","0.394956324","0.609403268","0.089149253","0.6194986438","0.5594360220","0.9605336673","0.856025171","0.580613192","0.763911985"
"0.646143037","0.033907865","0.308941733","0.636605264","0.6530197511","0.1943339008","0.8468590957","0.258100169","0.905186538","0.651895048"
"0.610413694","0.578003056","0.251388519","0.865090210","0.4978418677","0.9364261017","0.1452645214","0.210012166","0.546983650","0.634027934"
"0.740488549","0.565440361","0.337551449","0.803792835","0.8313894952","0.3387907019","0.0798756451","0.020323214","0.565411838","0.838633521"
"0.937026583","0.206024000","0.428206585","0.049600523","0.6521774583","0.6479012896","0.1264964677","0.267585769","0.880283051","0.696216782"
"0.252218019","0.444950919","0.374988429","0.908446091","0.7636757920","0.4940453024","0.0759356492","0.298350897","0.300455664","0.898340456"
"0.902717412","0.254573649","0.621032765","0.700853241","0.1598151218","0.3776489433","0.2244828128","0.385989281","0.960462452","0.636771393"
"0.546325906","0.146527196","0.532257702","0.774438811","0.6849847719","0.6277442665","0.9832887888","0.325250202","0.134175971","0.305223812"
"0.608390063","0.645131235","0.531675690","0.954019535","0.8502801178","0.8457072355","0.1304621834","0.368370848","0.621436660","0.587838134"
"0.901141060","0.631214742","0.720488248","0.536205582","0.6849847719","0.8160858123","0.1823573147","0.531848860","0.784541915","0.865054163"
"0.745129297","0.163989041","0.450214939","0.761228602","0.7602445299","0.2981977400","0.9009042811","0.385173223","0.404664138","0.691561848"
"0.621211697","0.651144315","0.013799434","0.937058869","0.6628532049","0.9736417935","0.0135795406","0.010071902","0.901962883","0.214120698"
"0.907088350","0.114794576","0.448719613","0.920593302","0.9007234450","0.3193397974","0.7859002842","0.758013407","0.720606254","0.214120698"
"0.626736931","0.260392354","0.318866361","0.358942185","0.8622812063","0.9047124355","0.9620168502","0.483515111","0.611464616","0.660450450"
"0.609432921","0.665473470","0.620671437","0.985862842","0.6848148697","0.0608301318","0.0693140964","0.925063440","0.576516764","0.162258770"
"0.846650733","0.719795872","0.251388519","0.404064601","0.6398726511","0.3845196695","0.0536461438","0.967639966","0.626582864","0.863102665"
"0.612347211","0.222967548","0.337197354","0.882479908","0.4841403634","0.3912726056","0.0001732365","0.175338287","0.502912877","0.863102665"
"0.649296989","0.173426539","0.728927361","0.550228409","0.8737882910","0.3722274168","0.7979994532","0.334925893","0.855547223","0.253336586"
"0.522804822","0.745999184","0.385509104","0.848582539","0.6979031070","0.0643411235","0.1596090231","0.973261707","0.674866464","0.387143020"
"0.863007034","0.415615123","0.594677083","0.559905205","0.3960525640","0.3152736809","0.2035943371","0.027130050","0.701080045","0.762511495"
"0.992155622","0.004605091","0.673106860","0.619243866","0.6844778598","0.3092992682","0.0759779531","0.055857441","0.676337528","0.592611137"
"0.469402613","0.749307591","0.115582204","0.497071651","0.5294335219","0.8274723198","0.0176182964","0.443330093","0.784541915","0.937797178"
"0.432155837","0.587680025","0.260639169","0.054581463","0.8785024948","0.8909212732","0.9832876419","0.748699872","0.605673130","0.857955727"
"0.818655462","0.868630239","0.564074129","0.959277727","0.8906002559","0.9068407745","0.1259826945","0.915911879","0.717873089","0.965177439"
"0.245273053","0.672755486","0.691850671","0.870684187","0.8136175101","0.6360058771","0.8814219376","0.867454933","0.603121416","0.569529087"
"0.580685230","0.109737402","0.397558580","0.020451090","0.5160923114","0.1566296328","0.1762062412","0.596558519","0.847003903","0.228960790"
"0.446318184","0.163989041","0.514030301","0.639158130","0.5175717942","0.9126702980","0.1976013203","0.513491170","0.741693619","0.887076272"
"0.031170225","0.715089922","0.360392497","0.330082801","0.6988305268","0.5548737061","0.1541353792","0.606695831","0.057372489","0.937797178"
"0.582578910","0.110798766","0.501440125","0.831690537","0.5568278310","0.7379935403","0.8308671517","0.122389960","0.920915073","0.916328654"
"0.630147808","0.725818533","0.520827071","0.227233232","0.5047822796","0.9112191221","0.7593263059","0.259027044","0.913793914","0.822861135"
"0.752644404","0.925477840","0.632028405","0.799003410","0.8469453433","0.8831977483","0.0068991887","0.892787081","0.551988731","0.063957838"
"0.654597546","0.173511963","0.672129605","0.905278210","0.5605253949","0.9427163233","0.0178424604","0.882208937","0.725428190","0.831008772"
"0.590673576","0.093676407","0.691850671","0.761228602","0.8299555490","0.4151651669","0.8457970037","0.566821595","0.715329427","0.000451779"
"0.908881920","0.133966040","0.288473937","0.290874624","0.8238429617","0.6399282891","0.8480616865","0.798825303","0.825746527","0.883037768"
"0.987542811","0.109148411","0.664935777","0.505636075","0.8740530735","0.2998209047","0.0205677969","0.774742041","0.627163421","0.638128037"
"0.631511342","0.133003113","0.311811187","0.168901960","0.9447091549","0.8115742026","0.9372718435","0.480632440","0.855547223","0.855092759"
"0.700802152","0.064824698","0.306157466","0.905278210","0.9252798647","0.0026952604","0.2449907476","0.025842461","0.322987732","0.175441238"
"0.320117999","0.238999028","0.644921260","0.938244327","0.2117696705","0.1143312575","0.9206924140","0.976433681","0.003165411","0.660186060"
"0.699539387","0.981556162","0.443968280","0.706576852","0.9444962927","0.3303400839","0.9858849344","0.732483290","0.091052544","0.129844859"
"0.754544490","0.058533986","0.257654007","0.530066504","0.0381747628","0.3226599567","0.9244393355","0.341586197","0.877000669","0.664941672"
"0.597644901","0.102991312","0.388847270","0.872352319","0.8758883684","0.3377569067","0.9566497752","0.930161711","0.170667003","0.988661328"
"0.826129799","0.038372928","0.776761587","0.904272109","0.5995717331","0.6913241642","0.8451672536","0.425033847","0.771071224","0.904054059"
"0.826129799","0.556789478","0.641174711","0.864228005","0.5944097706","0.2486112343","0.0263372474","0.345982156","0.858907436","0.852345316"
"0.656906548","0.613414630","0.545597725","0.402367600","0.3957922205","0.3312338981","0.8741996642","0.676000301","0.555381171","0.635626342"
"0.976944656","0.734798399","0.673106860","0.840619567","0.7636757920","0.8770158088","0.1591909884","0.524984000","0.626582864","0.763217608"
"0.902021505","0.228158037","0.680148422","0.803792835","0.7974969633","0.3178806550","0.9318843503","0.221182167","0.853807417","0.078497725"
"0.542997375","0.066255175","0.300991538","0.510065508","0.5411480783","0.7928154813","0.8258870034","0.267585769","0.299765051","0.051697127"
"0.850936666","0.643231858","0.687285347","0.487765652","0.9275828878","0.7685679451","0.1041677284","0.786400482","0.821150308","0.126166222"
"0.803446738","0.350477487","0.748371968","0.890301869","0.8359118531","0.4060993111","0.1012121778","0.331160608","0.611459351","0.655474425"
"0.653515787","0.007669148","0.428206585","0.935414373","0.9994119136","0.3776197172","0.8297603033","0.441969499","0.821150308","0.454817037"
"0.833476329","0.729206102","0.140777126","0.561168317","0.6803763942","0.8864197023","0.9956633571","0.174141730","0.587786592","0.524214272"
"0.597967962","0.463217826","0.377372067","0.872769766","0.9650503155","0.3840790616","0.0063678109","0.364218650","0.683355168","0.493842517"
"0.923078626","0.600662701","0.461253477","0.429541432","0.8876708554","0.0288008982","0.0550344006","0.250988980","0.769251213","0.818041333"
"0.987542811","0.572839578","0.257654007","0.800514023","0.9211199338","0.3397117868","0.8201171761","0.221351318","0.070637107","0.764432827"
"0.731443638","0.017667153","0.284174192","0.505508129","0.3409657669","0.3852161262","0.0290244420","0.115022009","0.702844297","0.815469896"
"0.752759920","0.230340511","0.452244368","0.943858240","0.4954565286","0.8464281336","0.0183599459","0.677014036","0.921840427","0.106581395"
"0.716437199","0.018790889","0.561569879","0.970993291","0.7427075984","0.4950495135","0.1239903764","0.923124804","0.994959037","0.126166222"
"0.534906313","0.636590982","0.399681515","0.344287771","0.5294335219","0.7561667568","0.1564890553","0.482844774","0.894013624","0.835107780"
"0.678535222","0.910478306","0.850631562","0.928435213","0.9147376618","0.3212813279","0.2202373811","0.300511077","0.992510648","0.795387240"
"0.730461566","0.102920334","0.707012605","0.884358630","0.7228965875","0.2017032471","0.8002781225","0.131215909","0.325789408","0.537792881"
"0.778267040","0.640383169","0.555072916","0.907259144","0.5900486920","0.8790516382","0.0917897103","0.855166872","0.718752635","0.849465479"
"0.636235521","0.746585521","0.147581050","0.322128045","0.1017374020","0.3840790616","0.9521274737","0.723739674","0.863785780","0.662555926"
"0.920319988","0.003865393","0.505805404","0.850098195","0.6258151178","0.8782410657","0.8118336604","0.308991687","0.929123362","0.182751871"
"0.722680376","0.250359302","0.250163010","0.559905205","0.8740530735","0.4314268612","0.0335950051","0.281391625","0.354623246","0.636240485"
"0.590837279","0.616886700","0.592231979","0.751773787","0.9383166736","0.8116122940","0.0019865426","0.070966647","0.424867262","0.005447386"
"0.690154657","0.639628279","0.405543426","0.639158130","0.1769847407","0.3585807198","0.2108027746","0.443330093","0.557610599","0.363693618"
"0.858826043","0.222878847","0.514030301","0.060105486","0.5443402926","0.4299867880","0.9793029669","0.813116131","0.520049051","0.743269422"
"0.099574277","0.683672169","0.733897173","0.990251208","0.4784163616","0.3052108718","0.0259939271","0.995481571","0.674866464","0.070060496"
"0.908989170","0.044265906","0.567368179","0.981700871","0.3433815593","0.7835133388","0.1702614114","0.054377985","0.805324510","0.434244982"
"0.908989170","0.726081399","0.405925204","0.558691258","0.5823068200","0.2548049332","0.8020432086","0.793354453","0.662238660","0.838633521"
"0.568974679","0.225643155","0.661323121","0.753494301","0.9373984344","0.9022366560","0.2010749063","0.746093516","0.725428190","0.904054059"
"0.762632744","0.742397144","0.975777341","0.666963241","0.9038600227","0.6988261696","0.1553317528","0.922425733","0.724149963","0.081714041"
"0.062795871","0.542073203","0.505805404","0.765175487","0.2831173998","0.3845196695","0.1261447045","0.259027044","0.542490409","0.168562249"
"0.542635078","0.608222906","0.621225237","0.505636075","0.8902137829","0.4193885706","0.1939888957","0.368184674","0.780863441","0.964371410"
"0.542635078","0.150214985","0.278375317","0.991156166","0.9485839045","0.4482153421","0.7675924174","0.930161711","0.968520156","0.763911985"
"0.589782136","0.576395411","0.557869741","0.518781281","0.8413521787","0.7766096690","0.1809157085","0.454447604","0.544006946","0.388649820"
"0.521666932","0.956244900","0.465768625","0.756854172","0.8313894952","0.7555297952","0.1442894092","0.961317568","0.007583597","0.153034510"
"0.722680376","0.018359658","0.299792424","0.638599737","0.7064863792","0.9360566975","0.0174586592","0.406494188","0.841729127","0.305784406"
"0.636235521","0.763285030","0.942338349","0.954548381","0.7357302656","0.8714890657","0.7884197910","0.436636070","0.931363058","0.866630347"
"0.576136515","0.233524248","0.398810245","0.889262286","0.5294335219","0.2605865957","0.1837596119","0.463544966","0.872273192","0.476397193"
"0.590981049","0.569650734","0.826710309","0.981700871","0.5755847096","0.3274030773","0.0188522839","0.245153787","0.687580808","0.795387240"
"0.590673576","0.616886700","0.492250217","0.518781281","0.8337196768","0.9372948211","0.1638662238","0.647686018","0.920418290","0.037123088"
"0.318940307","0.641474509","0.595755784","0.728617168","0.7158210861","0.8100886809","0.9250483148","0.889191524","0.470656341","0.583360859"
"0.623033906","0.020913368","0.253684032","0.873926002","0.0731394824","0.2614644468","0.2081143999","0.291274009","0.666270273","0.911298958"
"0.509650229","0.535660902","0.609214951","0.904272109","0.2397291204","0.9843375756","0.1601747716","0.835517733","0.919011827","0.911298958"
"0.714746824","0.661041792","0.569826196","0.889262286","0.9695442222","0.7557529919","0.0129099291","0.438364074","0.996074576","0.714010335"
"0.765239857","0.070786231","0.425112018","0.502407312","0.1657332287","0.8555773130","0.1625360411","0.548649779","0.460279410","0.999465266"
"0.798373580","0.703270190","0.622771749","0.989176742","0.8182848733","0.4927427953","0.0820262348","0.875065336","0.757729840","0.211752109"
"0.713992618","0.254513088","0.441258905","0.631966336","0.3704821584","0.7724385109","0.8457970037","0.939327975","0.523885659","0.583360859"
"0.730204051","0.569650734","0.457074388","0.656233424","0.5064790153","0.2548049332","0.7563245093","0.868164878","0.946377539","0.222861486"
"0.783034139","0.250359302","0.443968280","0.041842231","0.5067562600","0.3227059241","0.1450755657","0.889191524","0.787046625","0.898300826"
"0.813944129","0.695566431","0.598336443","0.678068140","0.4978418677","0.0188459244","0.8709196231","0.983455308","0.744247794","0.815042791"
"0.549316986","0.788981999","0.317500228","0.901044544","0.9063775337","0.4166529774","0.1939551585","0.499385008","0.663548285","0.055200136"
"0.697496032","0.476015002","0.771867555","0.891314286","0.7239003770","0.9215006445","0.9179416353","0.657806643","0.355557846","0.438641216"
"0.766150894","0.695252024","0.029083950","0.802128702","0.7636757920","0.3105779136","0.9579110476","0.204231113","0.777919749","0.151921014"
"0.777818476","0.625384343","0.660037188","0.595950056","0.8128764169","0.8790516382","0.0771893504","0.809724652","0.565411838","0.829776299"
"0.910494688","0.652622347","0.859832750","0.756854172","0.9347323572","0.2855051383","0.8373830755","0.849266614","0.564060073","0.191559575"
"0.976914933","0.244695475","0.501440125","0.668857940","0.6579910054","0.9690173913","0.0178424604","0.245114422","0.738905524","0.584848908"
"0.736318850","0.102920334","0.511921934","0.545476514","0.7044276774","0.9022366560","0.9832887888","0.253597597","0.605673130","0.321263569"
"0.810413284","0.548748160","0.720659041","0.968407515","0.7101964619","0.4647778954","0.0752466844","0.872949005","0.509322658","0.813239465"
"0.828948598","0.031742324","0.389689190","0.770831299","0.5560887027","0.4332178542","0.8698686759","0.718970248","0.578722627","0.228960790"
"0.199808077","0.742397144","0.342250086","0.732898081","0.5578873608","0.8806050157","0.0019865426","0.272327177","0.941104435","0.977714382"
"0.259553249","0.726081399","0.506246950","0.741896878","0.9810016634","0.4991674759","0.8157986032","0.882208937","0.083027485","0.811159874"
"0.788835332","0.578003056","0.392031028","0.848818926","0.8763963930","0.3469857644","0.7687970528","0.499248842","0.642879868","0.688681201"
"0.992155622","0.116824911","0.584511216","0.502548757","0.6022471779","0.3640005292","0.1870179181","0.869693223","0.843621000","0.934722716"
"0.290392771","0.500540229","0.348011916","0.821802632","0.4614547660","0.3530039460","0.2187237179","0.868164878","0.937508766","0.941474898"
"0.584329589","0.638513238","0.492460387","0.645841526","0.6073866890","0.4931505323","0.2266059896","0.603651794","0.559548351","0.997523961"
"0.730461566","0.207670669","0.704738382","0.464976038","0.8876708554","0.2462272401","0.8751544898","0.443330093","0.516186809","0.882876798"
"0.763381640","0.004316316","0.432167039","0.658850217","0.6388855168","0.9215006445","0.1426307731","0.224982244","0.563829822","0.418117787"
"0.910494688","0.552795927","0.461680861","0.545476514","0.7963433643","0.2998209047","0.7900110367","0.263316642","0.526981685","0.314827593"
"0.992155622","0.534458700","0.146986313","0.091451361","0.7357302656","0.3073521648","0.7535568087","0.400173298","0.509322658","0.508386100"
"0.715161885","0.643231858","0.494908096","0.800514023","0.9945085926","0.9427163233","0.0224050630","0.010448156","0.836507884","0.589842728"
"0.584091319","0.664107624","0.452945142","0.817343847","0.6628532049","0.6937052180","0.1191639376","0.428091618","0.939873141","0.748699681"
"0.104086073","0.695566431","0.619302457","0.154721853","0.7612369802","0.4893100875","0.7773555567","0.384033082","0.701920703","0.765076793"
"0.694370505","0.651872021","0.658113275","0.355286063","0.6010149871","0.1949661954","0.8853843014","0.562977884","0.814133860","0.876649343"
"0.368556692","0.661041792","0.902151204","0.466670604","0.5866625150","0.9124322893","0.1767075054","0.521888612","0.818921757","0.739687410"
"0.945210534","0.136018257","0.436290737","0.732898081","0.7726855082","0.8115742026","0.8975136717","0.700440252","0.305255700","0.083379677"
"0.580685230","0.712238197","0.310066698","0.265987986","0.4972647303","0.2021987181","0.9733415138","0.755310861","0.777515349","0.364915971"
"0.219174732","0.218281628","0.702966991","0.014430688","0.2495151226","0.3567771070","0.7683231985","0.867454933","0.902674014","0.527437591"
"0.695582161","0.096795769","0.370871725","0.694000653","0.7250490768","0.3387907019","0.8734367247","0.439388486","0.915453714","0.908510997"
"0.999475688","0.079431947","0.357472036","0.865090210","0.6026013196","0.3175967440","0.2121380860","0.294990777","0.905925605","0.046663493"
"0.206543202","0.602850994","0.377251631","0.935975826","0.4775007173","0.6053526609","0.9845401786","0.439388486","0.909397526","0.176069934"
"0.744029028","0.648357887","0.713003952","0.840619567","0.2253007228","0.5743145176","0.0466434976","0.396053029","0.763139476","0.977714382"
"0.645800224","0.904441792","0.969142587","0.658850217","0.5592033742","0.9126702980","0.9297222492","0.373990894","0.551988731","0.815042791"
"0.744029028","0.537998502","0.728927361","0.989524807","0.8761566313","0.6614528861","0.8919798645","0.812606847","0.931363058","0.850012614"
"0.872184884","0.003865393","0.405925204","0.522763653","0.6575304610","0.5557558151","0.0317569041","0.577848387","0.522276786","0.712659837"
"0.640352341","0.178628946","0.389689190","0.144612966","0.5534463611","0.6671633165","0.8746000815","0.864153719","0.663835472","0.964371410"
"0.943605467","0.156028458","0.397558580","0.890301869","0.5059979472","0.4893100875","0.9807860843","0.332127031","0.662238660","0.952945628"
"0.694370505","0.220083932","0.709275192","0.822377062","0.5900486920","0.6372440269","0.1331520046","0.319913771","0.843621000","0.000451779"
"0.139577061","0.595776571","0.306653477","0.840183833","0.9916324726","0.8100886809","0.9449769534","0.259027044","0.566451125","0.909382546"
"0.399991424","0.714958798","0.506246950","0.848582539","0.8126801424","0.7829854962","0.1740085076","0.988877752","0.880658884","0.304662212"
"0.568974679","0.272235073","0.750586101","0.587199211","0.8235533858","0.6123839602","0.1136473694","0.587154248","0.863902874","0.241687541"
"0.986348511","0.117122111","0.443968280","0.817343847","0.5047822796","0.7329338737","0.8969669408","0.750104424","0.669261468","0.967246565"
"0.704567296","0.169998602","0.943931788","0.753239776","0.9032643623","0.3127853316","0.1035316841","0.364218650","0.974764260","0.176069934"
"0.848075312","0.638513238","0.735066244","0.241701084","0.9583232862","0.3890124218","0.8256267061","0.294356755","0.983013903","0.346966084"
"0.884672971","0.003865393","0.477676434","0.986414420","0.5611700178","0.1498463025","0.1425331578","0.244779696","0.536116170","0.582490858"
"0.987661296","0.033935778","0.459229194","0.530066504","0.9275828878","0.4193885706","0.8498273380","0.687664932","0.780091450","0.601669909"
"0.666153521","0.709930681","0.285043291","0.853336681","0.8390836118","0.3312338981","0.1950029945","0.122558449","0.592359044","0.182751871"
"0.889323450","0.734798399","0.609403268","0.157212942","0.5671661087","0.5562953688","0.9820243713","0.735470058","0.504226938","0.274707390"
"0.929419642","0.252438847","0.180436930","0.957042957","0.9695442222","0.4891385828","0.7898785016","0.735603073","0.526981685","0.659820317"
"0.791659911","0.597211497","0.190526830","0.324331526","0.8198431649","0.9308181468","0.9971409315","0.062806512","0.941104435","0.081293159"
"0.669103603","0.190296257","0.452244368","0.766212016","0.8250312690","0.3526244639","0.7971389474","0.003321708","0.990740540","0.137251451"
"0.461415154","0.823057163","0.458468962","0.879920114","0.1002188345","0.6434781625","0.3877575905","0.512013029","0.384655367","0.578389060"
"0.158615318","0.805215486","0.825923216","0.252825953","0.4518135607","0.6372440269","0.4366318282","0.385173223","0.470656341","0.401133872"
"0.015053025","0.161374006","0.820800370","0.463658976","0.1350608610","0.4092185316","0.6600443573","0.161164069","0.343767616","0.558888671"
"0.254301697","0.405447165","0.894233687","0.227233232","0.1304529993","0.5048407682","0.3998482235","0.020323214","0.111350763","0.305784406"
"0.151192199","0.413258092","0.163459454","0.356527104","0.8299555490","0.9364261017","0.5872757826","0.620887898","0.401958351","0.733655583"
"0.999475688","0.355766714","0.859832750","0.358942185","0.3563065195","0.6690083555","0.2853531997","0.610576282","0.091052544","0.051530819"
"0.460440974","0.386804576","0.253684032","0.088658142","0.2113710951","0.7685679451","0.6117171271","0.122558449","0.495041471","0.762569708"
"0.976944656","0.805905666","0.031967385","0.342284922","0.2418615077","0.3227059241","0.4022608077","0.085674606","0.365255423","0.509451942"
"0.408925202","0.631214742","0.101825122","0.380354989","0.7101964619","0.2410911513","0.3253645335","0.261777163","0.326545520","0.441993055"
"0.346868494","0.975995206","0.797531316","0.327578819","0.0200131204","0.7232439191","0.5190010559","0.237052341","0.347741500","0.562633324"
"0.745129297","0.277980082","0.253480207","0.272080384","0.2066689928","0.7400273372","0.3786313911","0.734963945","0.077975279","0.606959509"
"0.047070280","0.803819621","0.033668897","0.088658142","0.6194986438","0.2138734487","0.3029581317","0.412267290","0.124465379","0.374286048"
"0.230010523","0.446297347","0.146986313","0.141633686","0.2229785418","0.1185723809","0.3976176619","0.344630320","0.214528236","0.947728979"
"0.017609762","0.347061667","0.014534538","0.118411136","0.3317856962","0.4321706819","0.3698946617","0.622218253","0.929123362","0.713196989"
"0.299935106","0.493090570","0.007121838","0.995119123","0.4369186598","0.3020851973","0.4237643658","0.205817832","0.245901261","0.725089809"
"0.589242986","0.288533395","0.921447650","0.457223916","0.3410741753","0.9738896511","0.6365292534","0.862558286","0.250187969","0.243518035"
"0.049259818","0.444079224","0.754609778","0.928435213","0.2720660631","0.0317224318","0.5927143906","0.693998067","0.022824304","0.901877696"
"0.503181535","0.461283315","0.035541669","0.274815237","0.6579910054","0.2857880645","0.6735829022","0.060790869","0.071474733","0.903625527"
"0.879125413","0.810815957","0.006898840","0.935975826","0.2855529611","0.6582689072","0.6290308410","0.670679042","0.025455979","0.709957902"
"0.220283123","0.813852493","0.216015715","0.502407312","0.2361406455","0.5782875083","0.4439747420","0.574955112","0.959600923","0.256749185"
"0.363340565","0.287797589","0.310066698","0.605852945","0.0113449600","0.0338095462","0.2960088128","0.877958590","0.451899685","0.403593728"
"0.445704189","0.940800122","0.979119473","0.334285064","0.3748486963","0.2232839228","0.4405425327","0.663991810","0.313713242","0.374286048"
"0.408925202","0.337792553","0.342250086","0.457223916","0.2488087963","0.7170081161","0.6194712845","0.616845534","0.363638962","0.895064327"
"0.135523740","0.420870549","0.077503342","0.561168317","0.6388855168","0.5703896125","0.5681104263","0.436636070","0.007612494","0.621851683"
"0.440365789","0.904441792","0.844765906","0.028733745","0.7427075984","0.0649584717","0.5056586550","0.425033847","0.017444006","0.857955727"
"0.106171558","0.415862015","0.751721893","0.859350702","0.2697392312","0.0941445236","0.7144608447","0.205381072","0.580613192","0.243518035"
"0.469898672","0.811450310","0.075515601","0.829569544","0.3613094576","0.5594360220","0.2665327383","0.183910227","0.025606877","0.792825924"
"0.584329589","0.776217286","0.388847270","0.265987986","0.1346353777","0.5032273958","0.4159614758","0.657806643","0.434920527","0.764432827"
"0.546193850","0.776217286","0.761484861","0.173792220","0.0211713668","0.0654505003","0.3896282108","0.567308979","0.040365515","0.162258770"
"0.834250983","0.550969789","0.942338349","0.965740074","0.0381747628","0.8414531171","0.5936861920","0.297616033","0.448652169","0.051697127"
"0.252218019","0.843860823","0.115582204","0.840619567","0.1394034068","0.2390020907","0.4355488914","0.087550598","0.472101854","0.583360859"
"0.920319988","0.458477140","0.441258905","0.054230094","0.2397291204","0.3585807198","0.3932498566","0.085598356","0.083027485","0.626263048"
"0.014224388","0.512845891","0.006619990","0.209864035","0.3309226623","0.1285627302","0.5582881897","0.489404214","0.139305661","0.351385826"
"0.624394864","0.277980082","0.078425300","0.917211307","0.4306019902","0.1498463025","0.6483095269","0.259027044","0.319146667","0.241687541"
"0.262747575","0.038372928","0.028811131","0.897426911","0.9994119136","0.6906313013","0.6965554418","0.336054113","0.297902908","0.476163438"
"0.398831022","0.391654333","0.140777126","0.728617168","0.1002188345","0.0026952604","0.6721499214","0.603651794","0.063420945","0.843074033"
"0.466523453","0.299140236","0.992963403","0.321155979","0.1129795174","0.6321916004","0.5751261938","0.385989281","0.017382622","0.636771393"
"0.802723145","0.352046201","0.063807928","0.423931552","0.1657332287","0.6583275380","0.4160033801","0.102675380","0.320115757","0.380762567"
"0.251402187","0.420698887","0.857489564","0.001465564","0.3152395535","0.7379935403","0.5225371938","0.245114422","0.214240743","0.561877847"
"0.290392771","0.373905496","0.185250014","0.355286063","0.0453293157","0.1009878178","0.5699466647","0.941380668","0.362465057","0.655474425"
"0.452290401","0.004316316","0.906919012","0.690405109","0.4258860790","0.2138734487","0.5939698012","0.723636738","0.085128603","0.605405095"
"0.219088344","0.156028458","0.868133573","0.122610568","0.3704821584","0.6780894989","0.4347004113","0.270243773","0.211781568","0.321263569"
"0.223289260","0.950432765","0.128251704","0.060941765","0.4369186598","0.0649584717","0.5225371938","0.118537986","0.404664138","0.596903683"
"0.248921576","0.816823780","0.112222345","0.467178330","0.0037498579","0.0294718310","0.6214605963","0.596558519","0.266411650","0.608135114"
"0.414209457","0.145366793","0.763454334","0.266875200","0.3277122970","0.5743145176","0.5207790609","0.577298538","0.320115757","0.660450450"
"0.236631900","0.931392760","0.241470254","0.036172368","0.4364797625","0.6832573782","0.3378240252","0.212286730","0.170667003","0.561112879"
"0.850936666","0.506606149","0.188943659","0.607693646","0.7038081931","0.7703896351","0.6224742833","0.786135255","0.336734812","0.866238505"
"0.268169103","0.506627007","0.746144800","0.665734642","0.2807885745","0.0643411235","0.6973711452","0.206434909","0.910885697","0.028283452"
"0.163033946","0.807477702","0.198655509","0.141633686","0.4362047503","0.8793918281","0.6435025538","0.400173298","0.142926480","0.534733935"
"0.034106692","0.875849966","0.229522147","0.283047611","0.4305223352","0.1106543331","0.6969896957","0.489404214","0.117981798","0.537792881"
"0.503181535","0.959265915","0.844004036","0.389984982","0.1350608610","0.5077809023","0.4276052008","0.813116131","0.172147800","0.454817037"
"0.401080091","0.225643155","0.771867555","0.151582114","0.7228965875","0.1029829944","0.6298665197","0.124754524","0.123597669","0.615916056"
"0.483035783","0.928861117","0.943931788","0.943858240","0.0453293157","0.2227979978","0.4061196913","0.435103769","0.009130572","0.634027934"
"0.736318850","0.790817896","0.170522849","0.285996508","0.8126801424","0.8243719397","0.5855526362","0.436636070","0.415059235","0.601669909"
"0.299363874","0.664107624","0.122776094","0.187765674","0.8761566313","0.1536917729","0.4633429762","0.926902894","0.374905830","0.497565521"
"0.348387017","0.417900664","0.101825122","0.292032054","0.4901305106","0.5820364044","0.5155641737","0.108635241","0.176307271","0.934722716"
"0.514881830","0.438511535","0.621225237","0.765175487","0.2253007228","0.5032273958","0.2968668088","0.951875005","0.313713242","0.291298849"
"0.514077253","0.998592064","0.884188521","0.122214164","0.0037498579","0.3776197172","0.4718423338","0.058246153","0.366332504","0.496337854"
"0.240629929","0.514007387","0.040976533","0.297497732","0.3499113597","0.2678314318","0.3510472854","0.217562385","0.128942089","0.578389060"
"0.791659911","0.394956324","0.963757523","0.205024570","0.0797927193","0.4332178542","0.4728516305","0.513491170","0.390560254","0.270299393"
"0.330992889","0.476974127","0.924159390","0.054581463","0.2788645493","0.2379632730","0.3928137018","0.364218650","0.872273192","0.505771259"
"0.165313987","0.937533496","0.155915473","0.386441716","0.4007473652","0.5431191819","0.4630284045","0.414054335","0.411204963","0.480943583"
"0.469402613","0.420870549","0.745807692","0.418642681","0.1670442146","0.8456507750","0.7319111012","0.069407392","0.469253041","0.829776299"
"0.195822039","0.910915787","0.763454334","0.423900597","0.4697428903","0.6816972842","0.5465238483","0.562977884","0.021651949","0.682737724"
"0.099574277","0.639628279","0.872671390","0.001465564","0.0797927193","0.1761645206","0.5741230936","0.863795678","0.023496783","0.483965778"
"0.199808077","0.804049980","0.031967385","0.679608411","0.3957922205","0.1919731453","0.3425174243","0.499248842","0.214528236","0.497565521"
"0.226302991","0.536729316","0.943048549","0.666183536","0.5944097706","0.2981977400","0.4303069940","0.468238133","0.448079909","0.052712938"
"0.062795871","0.416416303","0.037416501","0.466670604","0.4594778456","0.6241000994","0.6509781671","0.102174034","0.490642152","0.504311354"
"0.276006116","0.876249951","0.187154767","0.774438811","0.2940613564","0.4076513969","0.2832747245","0.463544966","0.495216111","0.428380077"
"0.301311578","0.952697425","0.916026956","0.143427498","0.4775007173","0.6344764909","0.2634585292","0.058756679","0.288401224","0.373353403"
"0.254952542","0.509882326","0.180436930","0.041842231","0.3186465653","0.6832573782","0.5171548873","0.761824672","0.172001333","0.982286755"
"0.426247687","0.845328204","0.974655929","0.198538266","0.2489308452","0.1293818838","0.3115815267","0.250988980","0.356203078","0.401484405"
"0.398831022","0.927548526","0.794670531","0.753239776","0.2807885745","0.1852573830","0.5936861920","0.787415235","0.162773639","0.455379231"
"0.730204051","0.934014761","0.051087456","0.068447570","0.2495151226","0.6053526609","0.3801868572","0.282456211","0.153946972","0.473033572"
"0.493200139","0.377385582","0.004472769","0.020451090","0.0149289249","0.6234973333","0.5469737872","0.514461347","0.435640018","0.485384420"
"0.220283123","0.330638885","0.992963403","0.093818484","0.1904763202","0.6515352702","0.5171548873","0.003453171","0.142633221","0.506334391"
"0.520301139","0.416489130","0.308941733","0.134796140","0.0158802306","0.6123839602","0.4188548280","0.173446638","0.165816938","0.274707390"
"0.025900734","0.932588059","0.974655929","0.017200342","0.1598151218","0.1279661138","0.3215719936","0.395259386","0.140934968","0.292269517"
"0.493200139","0.518053612","0.163247904","0.265987986","0.4009856117","0.8782410657","0.5156020756","0.919409680","0.398083992","0.484558858"
"0.339346354","0.370059379","0.643576504","0.694000653","0.5671661087","0.0233933143","0.6970987256","0.137985837","0.020228862","0.581236372"
"0.375104954","0.912136196","0.752519662","0.324046057","0.1284784689","0.6515352702","0.6307499505","0.237052341","0.057122965","0.605368351"
"0.466523453","0.492513431","0.976218058","0.385902918","0.0002495813","0.1719641516","0.5715413454","0.744483330","0.395147842","0.558851162"
"0.344491268","0.506944485","0.037016770","0.330082801","0.3433239363","0.2799100572","0.3182757397","0.230716760","0.191310791","0.316488271"
"0.771778878","0.906619442","0.461253477","0.431185653","0.0741553624","0.7085472152","0.6533700794","0.062285443","0.063420945","0.058194910"
"0.474539572","0.327539235","0.797783716","0.497174586","0.6010149871","0.6937052180","0.3473644455","0.624286282","0.198677528","0.636771393"
"0.375139798","0.411282248","0.869867307","0.327249112","0.3317856962","0.6780894989","0.7371190055","0.524984000","0.825746527","0.323311383"
"0.417116576","0.415615123","0.806913471","0.821802632","0.2995593689","0.4157392715","0.4178443163","0.589145567","0.359647689","0.733655583"
"0.248921576","0.326026904","0.850631562","0.118411136","0.1684384932","0.1719641516","0.2887170947","0.272327177","0.492899751","0.296213548"
"0.007774581","0.715476828","0.825923216","0.431831065","0.2650589640","0.2138734487","0.3660895332","0.577298538","0.010431605","0.341024766"
"0.514077253","0.504060994","0.174770339","0.009680423","0.2066689928","0.2983143065","0.4977762560","0.654795571","0.343767616","0.764432827"
"0.810413284","0.772746118","0.765452795","0.209864035","0.8395706604","0.4193885706","0.2600534069","0.629350172","0.463929146","0.430528232"
"0.156750824","0.173511963","0.029083950","0.361908920","0.0517031530","0.1761645206","0.5045308128","0.062806512","0.073219046","0.813228907"
"0.487126568","0.333572987","0.182808498","0.117597865","0.4215735551","0.1852573830","0.3073485778","0.178643909","0.926786935","0.255674641"
"0.318940307","0.476015002","0.930924390","0.550228409","0.4007473652","0.1498463025","0.5493972155","0.245153787","0.378354941","0.621851683"
"0.853710398","0.505135521","0.075515601","0.464771601","0.9303218773","0.2003816646","0.5706434049","0.503866258","0.104838547","0.341024766"
"0.222104889","0.984194002","0.908943798","0.426192547","0.3478605529","0.8676357966","0.3227809155","0.074216474","0.187328350","0.636771393"
"0.113417649","0.049226102","0.006898840","0.083242821","0.3354404151","0.5743145176","0.6234649210","0.127547656","0.384655367","0.638128037"
"0.401080091","0.925477840","0.470780435","0.272080384","0.4841403634","0.7676045224","0.4230739304","0.121095753","0.391525929","0.340905195"
"0.160342136","0.825034019","0.056334625","0.731241283","0.1713802250","0.5910654160","0.7179293111","0.102675380","0.763139476","0.428380077"
"0.405644622","0.477318872","0.163247904","0.164985074","0.2167208296","0.6234973333","0.5636880924","0.975558051","0.200332694","0.596523614"
"0.082429378","0.973968317","0.901652997","0.274815237","0.8906002559","0.1811590357","0.4519244836","0.418116923","0.159694933","0.241586745"
"0.034108777","0.785063020","0.937774004","0.058105341","0.4205356769","0.0559014596","0.5636880924","0.244779696","0.299765051","0.527437591"
"0.266222070","0.922962276","0.751721893","0.239728328","0.4821614264","0.8958666209","0.7261695609","0.543617083","0.611459351","0.743652435"
"0.653515787","0.929169267","0.794058444","0.600799861","0.1349320887","0.0941445236","0.5185368209","0.121095753","0.097483378","0.633628275"
"0.473159716","0.355766714","0.940171104","0.249460524","0.2394691394","0.7193213595","0.7417329287","0.182283745","0.236094075","0.633628275"
"0.489282891","0.396787767","0.051641130","0.154721853","0.2807885745","0.5820364044","0.6799341870","0.212286730","0.342826831","0.835826100"
"0.517149087","0.937533496","0.040976533","0.068447570","0.0200131204","0.7694107342","0.7273524981","0.566821595","0.374911255","0.407869151"
"0.805196415","0.287797589","0.159852306","0.305568987","0.4784163616","0.9091737633","0.6182245650","0.875792658","0.140934968","0.582490858"
"0.094021808","0.905898101","0.976218058","0.708907284","0.4306105977","0.0608301318","0.6653209546","0.814323818","0.459660033","0.846043102"
"0.752644404","0.481524258","0.097826913","0.241701084","0.2113710951","0.0429405164","0.6182245650","0.658311746","0.023496783","0.822861135"
"0.765239857","0.376441226","0.958884533","0.519005331","0.0943333687","0.0849984887","0.2960088128","0.236076119","0.025455979","0.516633865"
"0.534906313","0.911449061","0.927858785","0.637904184","0.0943333687","0.9651370730","0.5436256522","0.734963945","0.073219046","0.683161116"
"0.846650733","0.978339635","0.183151053","0.884358630","0.4205356769","0.9126702980","0.2602383330","0.412267290","0.858907436","0.012565907"
"0.219088344","0.324801440","0.078359504","0.367395461","0.8436227796","0.0743158652","0.5235257389","0.930557390","0.129583151","0.852731880"
"0.082429378","0.326026904","0.095663564","0.330606643","0.3377332773","0.0897354998","0.3124454517","0.366151720","0.409943254","0.850012614"
"0.270189095","0.849934003","0.007121838","0.376563277","0.0043804210","0.5782875083","0.4447645213","0.175338287","0.448254916","0.587838134"
"0.335045431","0.448047605","0.977327528","0.989524807","0.0883654433","0.1360158703","0.3383194833","0.430504068","0.041267732","0.695692448"
"0.597967962","0.497072303","0.843033039","0.284074924","0.3478605529","0.6513928475","0.4803458931","0.235891516","0.290991093","0.423456231"
"0.399991424","0.940257308","0.953326292","0.389826223","0.0534978876","0.6479012896","0.2864439140","0.122558449","0.877000669","0.525965866"
"0.867794268","0.319095086","0.347352853","0.012751683","0.3195437622","0.5431191819","0.4735336938","0.653520975","0.330270508","0.166938068"
"0.416264296","0.841804066","0.088857914","0.324331526","0.0537859015","0.1143312575","0.7297984549","0.762873828","0.334367154","0.416233859"
"0.512374843","0.416416303","0.758467762","0.266875200","0.8197956071","0.6360058771","0.5769643854","0.854156084","0.070637107","0.815461471"
"0.284440942","0.771342304","0.965791399","0.398992016","0.0757322985","0.6254231414","0.6802785140","0.658311746","0.341544450","0.596523614"
"0.217490640","0.284479735","0.844004036","0.849074120","0.2187586446","0.3776197172","0.4824470161","0.141378377","0.045434931","0.800129289"
"0.275640970","0.291034308","0.052922763","0.129643284","0.8250312690","0.2872485750","0.4341284079","0.881507114","0.050961933","0.651895048"
"0.801340546","0.020913368","0.191116350","0.285912175","0.0535262111","0.5286048598","0.4349881567","0.221182167","0.676337528","0.642642158"
"0.215537588","0.352046201","0.155655199","0.052525336","0.0731394824","0.2698385572","0.4112131947","0.875065336","0.010431605","0.569529087"
"0.412777619","0.291214235","0.927858785","0.554115637","0.0022463014","0.0122271347","0.7454035261","0.137985837","0.163350080","0.458567961"
"0.318667180","0.841804066","0.761656631","0.440886368","0.1921320542","0.6906313013","0.3486693667","0.504812677","0.142926480","0.756062898"
"0.219088344","0.385026818","0.930924390","0.207889170","0.0941187193","0.0207399625","0.4629958588","0.155754097","0.253296767","0.608135114"
"0.519230395","0.877083330","0.854477827","0.935414373","0.4261342398","0.7766096690","0.6289392231","0.105615664","0.459048257","0.633836194"
"0.416264296","0.991560880","0.222451464","0.714666127","0.0672633835","0.0559014596","0.6816787893","0.403788663","0.125229358","0.534018917"
"0.457280458","0.854390030","0.078425300","0.002072273","0.3309226623","0.0693958163","0.3132313301","0.698097515","0.342826831","0.340905195"
"0.713992618","0.981556162","0.704738382","0.153568702","0.2855529611","0.6905675795","0.3726976153","0.723661648","0.134175971","0.728246703"
"0.752759920","0.463217826","0.194388632","0.049600523","0.0058956831","0.2111607808","0.3115815267","0.463331838","0.436559118","0.037081983"
"0.148954142","0.863641406","0.013799434","0.022001070","0.7158210861","0.7074344400","0.6823218340","0.873018074","0.289258282","0.296213548"
"0.103714590","0.512845891","0.785534352","0.404962691","0.3029318507","0.9732383703","0.4855390158","0.062806512","0.434920527","0.327638819"
"0.133293055","0.344439304","0.806913471","0.322335054","0.7014925741","0.3178806550","0.5927325641","0.173446638","0.381922024","0.153034510"
"0.048801924","0.495270615","0.766606209","0.224960506","0.5670379906","0.0312441991","0.4431130376","0.164346165","0.378354941","0.494122741"
"0.445414219","0.469762187","0.147581050","0.212369337","0.2229785418","0.1106543331","0.3407865967","0.121095753","0.297902908","0.891710492"
"0.154284417","0.415862015","0.760680355","0.787836833","0.8785024948","0.1527226069","0.5518885910","0.735470058","0.062821207","0.372859471"
"0.126468178","0.277980082","0.051087456","0.429541432","0.3241702072","0.0402597855","0.7186161793","0.699460988","0.111217823","0.508386100"
"0.304143240","0.811450310","0.969142587","0.518781281","0.1660097618","0.1815876646","0.5326048644","0.596902306","0.460571898","0.046438382"
"0.074990322","0.444950919","0.094274141","0.010119892","0.0672633835","0.2899077100","0.6370983078","0.527469370","0.186620783","0.606679072"
"0.049259818","0.403027590","0.055460336","0.071300704","0.3774594326","0.6434781625","0.2830674841","0.698121462","0.409943254","0.714010335"
"0.139577061","0.979740950","0.799332776","0.001667633","0.2831173998","0.5212744306","0.3538472179","0.698121462","0.162773639","0.495301764"
"0.318667180","0.811763355","0.884611249","0.574620330","0.0017764549","0.2387774648","0.5706912081","0.690854145","0.023496783","0.569529087"
"0.656906548","0.356184102","0.802950266","0.416540058","0.1993092474","0.0004247827","0.6319669608","0.723636738","0.089419924","0.297726518"
"0.768834809","0.508221719","0.209232243","0.290874624","0.3486034611","0.5819102650","0.4630284045","0.610576282","0.003863942","0.373353403"
"0.226302991","0.947281231","0.216504493","0.207843379","0.8883868023","0.4997330050","0.2588825158","0.299490436","0.101742128","0.662555926"
"0.450872381","0.038779628","0.581294274","0.093818484","0.3218819922","0.0202727655","0.4178443163","0.557526496","0.025957284","0.317447573"
"0.910494688","0.807477702","0.752682875","0.337427855","0.3554227688","0.7980724018","0.2487461651","0.324724035","0.161730387","0.278978108"
"0.047070280","0.390388997","0.428869437","0.731434024","0.1958794114","0.1353929594","0.7194007668","0.892787081","0.856456691","0.110138723"
"0.636235521","0.636590982","0.161091887","0.747113764","0.3499113597","0.9843375756","0.5185368209","0.030798722","0.363126557","0.253336586"
"0.305721412","0.925637924","0.220454122","0.361495628","0.4261342398","0.2410911513","0.6225927971","0.775873318","0.780091450","0.380762567"
"0.305804261","0.998679857","0.094617543","0.732465692","0.0537859015","0.5099662092","0.4588151368","0.584393100","0.359647689","0.762511495"
"0.096000479","0.906789857","0.055460336","0.203309644","0.0176683267","0.9068407745","0.3490853872","0.538188837","0.330817714","0.713196989"
"0.382271432","0.788981999","0.601427531","0.218706053","0.5578873608","0.8464281336","0.7346988023","0.131175862","0.137640938","0.555385859"
"0.490931515","0.364852190","0.021324790","0.666963241","0.2187586446","0.7179788541","0.5292041628","0.364218650","0.495216111","0.682737724"
"0.244724112","0.378668464","0.665049027","0.493447505","0.3323432993","0.7183206430","0.5174674908","0.527469370","0.298520659","0.509451942"
"0.715674453","0.391654333","0.103983022","0.224960506","0.4364797625","0.7356782882","0.3069468528","0.799384155","0.436050629","0.422731594"
"0.305721412","0.875849966","0.130328242","0.277394014","0.1486737772","0.7322357743","0.2864439140","0.758526057","0.355557846","0.363693618"
"0.230984028","0.910478306","0.835071644","0.423900597","0.6708212678","0.8464281336","0.3698946617","0.082291921","0.743151779","0.536707315"
"0.293415379","0.444950919","0.101825122","0.195760862","0.0699740306","0.8116122940","0.7070755100","0.864153719","0.217810871","0.213368098"
"0.031170225","0.933825495","0.124267804","0.404962691","0.4470917633","0.0922729476","0.6746938040","0.127547656","0.124739180","0.843309423"
"0.439938264","0.459798915","0.021324790","0.469172927","0.0534978876","0.5557558151","0.4743355398","0.235517600","0.101742128","0.278938980"
"0.314164664","0.250359302","0.091416078","0.402367600","0.4167186631","0.1826181491","0.3744963001","0.607169444","0.054294096","0.357290370"
"0.251402187","0.244695475","0.830936322","0.137411357","0.2359755609","0.1203732918","0.4002313881","0.604170088","0.023496783","0.769163147"
"0.259553249","0.500540229","0.318401517","0.464976038","0.3976129518","0.1536917729","0.3479417122","0.378224196","0.322987732","0.650140468"
"0.140239716","0.355766714","0.131968745","0.130009790","0.1756336900","0.1075369377","0.4676906204","0.198365292","0.351646169","0.479327455"
"0.219088344","0.981466392","0.785534352","0.431375171","0.0504276312","0.8492989768","0.3947302117","0.654795571","0.478285042","0.476163438"
"0.329235378","0.456638175","0.991716924","0.671406428","0.2807885745","0.7885369776","0.4081152430","0.182882456","0.063420945","0.416233859"
"0.626605266","0.416489130","0.880506519","0.304230846","0.3430890108","0.4113909078","0.5794207701","0.005068514","0.077975279","0.852751505"
"0.426710149","0.306365363","0.691850671","0.083046372","0.4841403634","0.5767422418","0.3132313301","0.570748127","0.309846355","0.403593728"
"0.391016251","0.417055022","0.166751327","0.322335054","0.2820830794","0.7257470458","0.6857197142","0.003453171","0.376460682","0.256749185"
"0.489105583","0.825034019","0.101825122","0.006943557","0.0880619278","0.5395067169","0.6688770446","0.717608145","0.208739373","0.407869151"
"0.661973480","0.278575265","0.163459454","0.840183833","0.4594778456","0.6811207284","0.2994072740","0.122389960","0.354623246","0.608135114"
"0.103714590","0.867061035","0.237306484","0.147373161","0.3195437622","0.7085472152","0.6406963270","0.210012166","0.210002007","0.613671033"
"0.371023524","0.361126611","0.660037188","0.022001070","0.0601465091","0.4123064433","0.7103108733","0.235735706","0.180159895","0.316841854"
"0.307865053","0.424127128","0.799332776","0.431185653","0.5823068200","0.0092293868","0.6137631849","0.723985109","0.244786397","0.916328654"
"0.181726764","0.446297347","0.230257319","0.668857940","0.1625156855","0.5261681897","0.5856921740","0.010448156","0.277766088","0.866630347"
"0.440365789","0.813344130","0.774257794","0.908446091","0.2194737510","0.5828723955","0.5596237644","0.153116527","0.082668575","0.892358695"
"0.163033946","0.777283210","0.975777341","0.195516473","0.0209489531","0.0062316267","0.3823783522","0.967977534","0.151676691","0.561112879"
"0.855352651","0.843860823","0.198810025","0.078707294","0.2444272631","0.2288902531","0.6102885700","0.698097515","0.053002806","0.649794957"
"0.113647501","0.337427976","0.060051090","0.540643148","0.4387958349","0.0122271347","0.5283574917","0.499248842","0.204314229","0.483965778"
"0.244724112","0.301556273","0.034591057","0.848818926","0.7593512206","0.5079883605","0.2487461651","0.358073830","0.764618753","0.392934917"
"0.487126568","0.869103448","0.155915473","0.642283552","0.3126979391","0.6535907606","0.3081790864","0.388568629","0.166986092","0.083379677"
"0.214646745","0.411801309","0.170298050","0.102693030","0.3315593330","0.3640005292","0.4837593271","0.558755356","0.067589538","0.558851162"
"0.267709059","0.096795769","0.917743598","0.660504233","0.1814962300","0.0040800131","0.5768774977","0.728361141","0.191310791","0.255674641"
"0.335045431","0.425373053","0.432167039","0.027363301","0.4369359687","0.5451203984","0.2677249362","0.732483290","0.424867262","0.346966084"
"0.403434937","0.286945671","0.249613758","0.506528891","0.2430833165","0.7384632189","0.4281198697","0.054377985","0.536116170","0.459681950"
"0.158615318","0.602411374","0.815139590","0.665360333","0.7106028105","0.2462272401","0.3748650645","0.711867805","0.252192972","0.441993055"
"0.512374843","0.923871948","0.817722320","0.974986702","0.0751615212","0.3377569067","0.3675216966","0.085674606","0.330817714","0.702283466"
"0.426710149","0.322733584","0.902151204","0.053306414","0.0231998287","0.7171739093","0.3568306869","0.792261007","0.325789408","0.805092166"
"0.661695254","0.806740373","0.820800370","0.203309644","0.0751615212","0.0446011464","0.5951566476","0.162241605","0.448079909","0.007976421"
"0.433150416","0.816108698","0.452945142","0.065468505","0.2370934672","0.7193213595","0.5779686467","0.085598356","0.357114787","0.070060496"
"0.339346354","0.914610366","0.097826913","0.077522287","0.4841403634","0.6905675795","0.4200543803","0.482844774","0.395147842","0.438641216"
"0.320117999","0.444950919","0.401896477","0.970993291","0.9602643498","0.1383454184","0.3549269791","0.230749042","0.204611761","0.558888671"
"0.059132305","0.337426247","0.772847204","0.099038314","0.9660423593","0.9750855405","0.5328907577","0.035839056","0.258723356","0.709957902"
"0.379777716","0.460256382","0.229256745","0.768974563","0.3218819922","0.1185723809","0.4489644371","0.546324139","0.363126557","0.176632066"
